A1YS9MDZP93857,6428320,3,1394496000
A3TS466QBAWB9D,14072149,5,1370476800
A3BUDYITWUSIS7,41291905,5,1381708800
A19K10Z0D2NTZK,41913574,5,1285200000
A14X336IB4JD89,201891859,1,1350432000
A2HR0IL3TC4CKL,577088726,5,1371168000
A2DHYD72O52WS5,634029231,3,1119571200
A1MUVHT8BONL5K,634029347,2,1129334400
A15GZQZWKG6KZM,634029347,1,1387584000
A16WE7UU0QD33D,634029347,5,1128211200
AXMWZYP2IROMP,634029355,2,1352419200
A1MUVHT8BONL5K,634029355,2,1129334400
A6DCKXX4659CR,634029355,5,1189728000
A28YJZCV43ZWQW,634029355,5,1206489600
A2I4CV4PGZCNAF,634029355,2,1271721600
A1M7OWNI93N1Y3,634029363,2,1365897600
A2FEDDUHQAEN97,634029363,1,1117497600
A338HVUM4AWJY7,634029363,5,1182038400
A16WE7UU0QD33D,634029363,5,1128211200
AKKQM6B0KI6F4,634029363,1,1272672000
A1BX81N79C9BVT,634050028,5,1369872000
A11ER3801T7KRP,634055429,2,1372636800
A175UOHOVXRYMW,634055534,5,1214092800
A2P1Z9NUJ9H1RT,634055534,5,1367280000
A1D1S69ZMKYCCV,634061801,5,1289001600
A7R79JLQ5Q28M,634061801,4,1124928000
A3T7SXCKJUYXT3,634061801,5,1190851200
A1JZM0YIYHL6JW,634061801,4,1270684800
A372SXZ39TUWTZ,634061801,5,1122681600
A331DOWXV50UMT,634061801,4,1288656000
A16ZE9MJ0703UB,634061801,4,1397260800
A3DM7ADJV144TZ,634061801,4,1365811200
A2FIMQIKNOHFPK,634061801,5,1190592000
A1QVR0ZIG59ZAG,634061801,5,1187654400
A2788UYAD532T,634061801,3,1178409600
A1746NHDF3PF3H,634065459,5,1295913600
A26LIKTL5KW29E,739003755,5,1212624000
A4TE45TH7L2MW,739003755,5,1311984000
A732DZLEGXSEQ,739003755,5,1337299200
A142DE4DV7NKTQ,739003755,5,1390780800
AAUUICXM1YE8L,739003755,4,1297900800
A153V2QD4BJT1Z,739003755,5,1364083200
A2TKRYCS1POPOA,739003755,5,1359417600
A1IRFW13NXF08Z,739003755,3,1394323200
A25UM6A6A4SEDT,739037986,5,1229904000
ADM67P7K66F41,739037986,3,1231718400
A18C8JYM2161KE,739037986,1,1219795200
AK3MEBCSQ18LO,739037986,2,1202515200
A307SOXS9WP4GI,739040251,5,1359936000
ASP16LVGFITDE,739040251,5,1288310400
A2HYLAESK4RRTI,739040251,4,1392854400
ASEVEFG1SSYJK,739040251,5,1398729600
AARB5F3HPXV0V,739040251,5,1192060800
AQFYZ8N5SQ1Y7,739040251,5,1196294400
A1Z5471UG451G9,739040251,4,1268870400
A2PI3IIBPG2VI2,739040251,5,1225843200
A370T379VAAP4B,739040251,4,1226448000
A2BXUV043WWTKW,739040251,3,1350172800
A1PXB4OVLPLT4H,739040308,5,1204588800
A2RI4VW44924NH,739040308,5,1360281600
A3O2TMYU7E1V81,739040308,3,1253750400
AVBWSI19JRCPQ,739040308,4,1229731200
A2WNDXINN9PXEL,739040308,5,1270598400
AZY4GP1W5N5KO,739040308,5,1398038400
A1JHCSJLJA3M21,739040308,1,1193529600
A3FYONMMFY4VK6,739040375,5,1173398400
A31NJVE7JDIPR2,739040375,5,1213315200
A1HXA6YKQJ7FNT,739040375,3,1216512000
AFA6HGI3MW3SA,739040375,5,1173744000
A1FPATLQSFTLC9,739040375,5,1335916800
A30TM3EBHF2C7R,739040375,5,1208736000
A2WIO7VLFWV4YV,739040375,5,1267488000
A2GAXE9X97WYTW,739040375,5,1196899200
A3QJ54LWTFXBIB,739040375,4,1234051200
A1AO3SP66Q9ZWJ,739040375,5,1380153600
AL1HYP266NWOJ,739040375,5,1354665600
A1R8OFZY6CYX7G,739040375,2,1283126400
AQ46HO28ZVEL3,739040375,5,1403654400
A1GUCW7L3QYQ33,739040375,5,1374969600
A3TITKW06F1W0,739040375,3,1223856000
A35DFRN89NRVU1,739040375,5,1201219200
A1MFT8DXOQJA9L,739040375,5,1182816000
A29MLKCAZXX7AB,739040375,4,1267660800
A1ZMV5QSAR8V2L,739040375,5,1380758400
A2G7DYW6ILDGKL,739040375,5,1174608000
AVU79AEIZQL8,739040375,4,1191715200
A2FFKX759L9RFT,739040375,5,1382313600
A31DJ1X8OARWYG,739040375,5,1298851200
ALLHLOG4NLA0A,739040375,5,1169510400
A3PNCYFSZW7JQ9,739040375,5,1187827200
A1HOMEHH9SE7X3,739040375,3,1369180800
A3DMR234MWQYSE,739040375,5,1204848000
AX5ZI7JZMA2SY,739040375,5,1195776000
A1K1ZKOHP4RQTW,739040375,5,1364515200
A1FWCIDD38DYMU,739040375,5,1206230400
AWU110TP1HTPF,739040375,5,1201132800
A1JQDMDHOZTYCV,739040375,5,1391472000
A3P3QBFRD6LR3L,739040375,5,1258502400
APR59BMJNHKHX,739040375,4,1178582400
ALKPRBP7WIUE2,739040375,5,1183161600
A1GK60UC3GWN0V,739042726,1,1207872000
AD03OHHZYU1P8,739042726,1,1200614400
A1KTZAVOBUV6RV,739042726,3,1191801600
A2OV9NK57AXE41,739042726,4,1187568000
A1WHGNU87BGJ2S,739042726,4,1346371200
A10N1FI7NPVQJN,739045032,4,1232496000
A1FKAWA271ZFA9,739045032,5,1203638400
A25HDY6S35439C,739045032,5,1370044800
A2OCINUVTZWBW,739045032,3,1221609600
AYE270R4ZVBKJ,739045032,1,1198368000
ADN2SQ5BPQ9MD,739045032,5,1197849600
AN2GJQXMYGU0G,739045032,3,1205107200
A1VQLNFEO9X2L3,739045032,4,1375574400
A1JFWQ7Y7FWTJ2,739045032,5,1252886400
A2904JG0M9BZCA,739045032,4,1292889600
A2I8OJVCZTFHTK,739045032,5,1217894400
ADTYAVSEPXP7Z,739045067,5,1371600000
A184CH5UFTQFG4,739045067,3,1338768000
A3VBXKKUEP18UC,739045067,5,1348272000
A288JYXXGQ8VG4,739045067,5,1401580800
A38OQW8G1IV1IJ,739045067,5,1332892800
A1ATI1KKSPJM8H,739045067,5,1321574400
A1ZMV5QSAR8V2L,739045067,5,1380758400
AN2DZ77G8HXVN,739045067,5,1197417600
A2ATV6R1A6N4FG,739045067,5,1235088000
A1SR98OTQ3EHG6,739045067,5,1187913600
A3RFCOYBI1OMGH,739045067,1,1237939200
A1XA21MFXD94SM,739045067,5,1402272000
A28CIW5HG2YFA8,739045067,1,1225238400
A15STV0U0MEAS0,739046500,5,1203379200
A18BD98SU49UB7,739046500,5,1129593600
A3AKPZ2LVRP0LG,739046500,5,1195084800
AT4S8BOQRJ0PH,739046500,3,1276387200
A2UDUFO37ZJBU8,739046500,4,1173312000
A6FNP598ZD9NT,739046500,2,1193702400
A15DP79HGPRBCD,739046500,4,1225497600
A288G8UECOXFWK,739046500,2,1340236800
A238CHHZM54BKR,739046500,4,1168387200
AFFOIRBORB9ED,739046500,4,1180569600
A318N7NGQ6VU10,739046500,5,1181692800
A5SY2K6KAX7WM,739046500,5,1138665600
A346X3RARR2EWA,739046500,1,1174780800
AJWUMOWLTU43V,739046500,4,1168560000
A8UGJVHDYSZY6,739046500,4,1154563200
A151WED01PRU7E,739046500,4,1249171200
A3HFJZ4R1L1U8T,739046500,1,1326585600
A6PKIM796BFFK,739046500,5,1186531200
A3V6WO7WA5AF9,739046500,1,1267142400
A3AG84AUO48GFH,739046500,5,1280102400
A3NHY2WGT97QEU,739046500,5,1168473600
A3APOK2WK9N789,739046500,3,1179532800
A8PNH73J06GRV,739046500,2,1357344000
A25SW9WEC88F0Y,739046500,1,1140739200
AO9WHJ7RSTAAT,739046500,5,1398124800
A2WGVUB80S342L,739046500,5,1335484800
A366LHLAFO3UI7,739046500,5,1394582400
A3RTPXTCWMZ150,739046500,5,1297555200
A1MQT9DYCXXXK2,739046500,3,1238630400
A2OT7AEHVZ0AZ0,739046500,5,1134864000
A3M9ID3VD5XSID,739046500,5,1188086400
A3HJEIYURK02TK,739046500,5,1349395200
A17XAKDJ0O0C2L,739046500,3,1327536000
AYK7AMDMI2IB9,739046500,4,1400112000
A35Y2459EVUMJX,739046500,5,1142640000
A1DTQFG3P16UUW,739046500,1,1388707200
A18IO3Z644QHN4,739046500,3,1162771200
AEOLOUFTGMIDP,739046500,3,1162598400
A5TI2G0WRE281,739046500,5,1363910400
A36IV4U9RO2MMN,739046500,5,1385337600
A1KP0BRI68RCN,739046500,5,1307059200
ANWU2LZ6505F1,739046500,5,1315872000
A242LZ5ZATH1YX,739046500,5,1242864000
A18R1ZCFD44QIE,739046500,5,1184284800
AMDK4EOCUU4QG,739046500,5,1172016000
A2HI0L2U8GZE29,739046500,5,1195776000
A2VJ5ZUVOQ1OP7,739046500,4,1203465600
A3V5O5G3I1T2NX,739046500,4,1227571200
A2FU2UQ7SJMUTP,739046500,4,1214006400
ADFXJSLJGN6EN,739046500,4,1300060800
A1G8A06VFGVKQW,739046500,4,1375574400
A1SWTBU6CFKJZE,739046500,1,1273622400
A3SCM0AG4YEQUI,739046500,5,1233964800
AWKL0BT04URD3,739046500,5,1361923200
A2AEDS9Y6XAKRO,739046500,5,1392249600
A4PLRDUCRXZN8,739046500,5,1226188800
A3P7WNM0UHV4YQ,739046500,1,1387843200
A370LYTUQLVE0R,739046500,5,1149897600
A9MQDA1JUAFQ,739046500,5,1153785600
A1R6ECWID39KOG,739046500,3,1162598400
AQCZYXRID1IJC,739046500,5,1155859200
A1PT8XCZI2ZMI2,739046500,4,1281916800
ATJ00IGWW7TVJ,739046500,5,1169596800
A2XBWSD05ODF1C,739046500,4,1171324800
A1N82E6YR39BCH,739046500,5,1212019200
A1VAAUZZSCAQKZ,739046500,4,1312502400
A6PC0EIMRWIRD,739046500,4,1280016000
A152DQNUOX56XQ,739046500,5,1362873600
A2N1HT57567HXW,739046500,5,1380672000
AF1HWYCKEWM5M,739046500,5,1173484800
A2KW64WOKIRFPO,739046500,5,1361750400
AUA1ELT1UNKLA,739046500,3,1196640000
A3JE0BZDT8IURG,739046500,5,1186876800
A1WWY1B0ZBQ6H8,739046500,5,1386806400
A8FGOGYPD58Z1,739046500,4,1169078400
A1S2PASXU2T0SE,739046500,1,1383696000
A284YG1L9OCYJY,739046500,5,1371513600
A3FV628ORUK38X,739046500,2,1174867200
A1JD4EK8DZHW18,739046500,3,1260230400
A3TBMAWIIHKHFN,739046500,4,1146268800
A3H685UFVSQHZJ,739048287,5,1300147200
A1MUU721B39VMO,739048287,5,1399507200
A1R8OFZY6CYX7G,739048287,5,1276905600
A15STV0U0MEAS0,073904852X,5,1203379200
A38D27IL3OX80M,073904852X,3,1334275200
A1X6X1Z48GCSL3,073904852X,5,1218585600
AD8BFDKT73IZ0,073904852X,4,1378944000
AO9WHJ7RSTAAT,073904852X,5,1398124800
A366LHLAFO3UI7,073904852X,5,1358121600
A2OT7AEHVZ0AZ0,073904852X,5,1210809600
A3HJEIYURK02TK,073904852X,5,1349395200
A31PJ0EGI9WQOV,073904852X,3,1236643200
A21NPFFEDF5MTC,073904852X,3,1381449600
A2KDVYFN4COQZL,073904852X,5,1193529600
A3V5O5G3I1T2NX,073904852X,3,1236384000
ALO3LWWIUPRY1,073904852X,5,1377043200
AT77OYLYCQ3K4,073904852X,3,1354665600
A2D9SOUR7DV5IR,073904852X,5,1376352000
A8RJRA1R4CRB6,073904852X,1,1220918400
A205BI9OEZEY3I,073904852X,5,1308096000
A1I4BUO3K2QJ36,073904852X,2,1373846400
AY5MNRMUWON7D,073904852X,5,1239926400
A3B4S2V6PETKGQ,739051210,5,1331164800
A7L59RE3VA26J,739051210,5,1372636800
A1D77U3B7GC2I0,739055224,5,1377388800
AJARWXBMSCYU1,739055224,5,1342569600
A22MXRAZY34QUF,739056247,5,1401926400
AGHWSGGOCSN9Z,739057561,5,1368489600
A134AXYVRM0E2M,739057561,5,1357948800
A2S1Q1HYXCZX00,739057561,5,1325721600
A2MQ6797SHS46Z,739057561,5,1351296000
AYKE4UUVSF0ZK,739059068,3,1387411200
A396ELNTQDFYPO,739059114,5,1380585600
AAKGTWGAFT1LQ,739060287,5,1260662400
A103AQM2D30NQ,739060287,5,1393113600
A3PMBRLF7SHWKE,739060287,5,1254182400
A22NWNROENRSUO,739060287,5,1327363200
A2GCP7UDK1Q0QW,739060287,5,1370390400
A2YLXM1GQ5G1YB,739060287,2,1290816000
A3GH96EI05BWE8,739060287,5,1249862400
AMB1I202KE75C,739060287,5,1271376000
AJX9F0QMULV59,739060287,5,1283212800
A38QS0YVZCEGEZ,739060287,4,1380844800
A24HZDQ3PN3FVZ,739060287,5,1347062400
AIFULYZ7JS9U9,739060287,4,1265673600
AI3B85ZDWPC21,739060287,5,1243036800
A3HL8HIT9HHJ9C,739060287,5,1240617600
A1SNUDOI0OZ2D6,739060287,4,1280793600
ABOOOGQ0J7JAL,739060287,5,1277164800
A1LMRNLRG0I927,739060287,5,1301875200
A38PJPCA5S791J,739060287,5,1252972800
A2SOJKZQQKUNBZ,739060287,3,1278979200
A1LM8Z258DAXZ,739060287,5,1273708800
A3KNDZXZSCQ5JT,739060287,5,1265155200
AI1BKYFGPGWC2,739060287,5,1243209600
A3UE72PSR56RHV,739060287,5,1239062400
A3RSVUMQ246TJH,739060287,5,1358121600
A31WKRDIJ9V68J,739060287,5,1249344000
A13KZZAR5HPVDF,739060287,5,1358985600
A2K3SULCNHLSQ5,739060287,5,1297987200
A1FYJNFFXME2NU,739064525,5,1268611200
A251GVMLE2DDMK,739064525,5,1262217600
A18J4V9CPMMJKQ,739064525,3,1331942400
A3LRVWYQTZPULJ,739064525,4,1265587200
A3811LNTC4HFO,739064525,5,1344729600
A19OOIXU7I2DVJ,739064525,5,1326412800
A3QTFLU2ZWH7WS,739069713,5,1330819200
A2TW73GUKBDLOS,739069713,3,1383264000
A2VQFGZV1KHGH6,739069713,4,1327017600
A15AP9CVODRXBX,739069713,5,1391558400
A1ZSW64N503VYF,739069713,5,1322179200
A1R4I11E0JPVK,739069713,5,1359331200
A3NVWN887C4W2A,739069713,5,1381708800
A241RJPMBKP8JP,739075934,5,1311033600
A17OQ4GZN2TKDJ,739075934,3,1360540800
A2YB9F0NL8Y2EO,739075934,5,1382313600
A1YBRK0OU2GLV6,739075934,5,1294358400
A34WKS12PJ9DEC,739075934,5,1386806400
A31ZQ4DZQZFVSD,739075934,5,1392249600
A1OFU514X19CUU,739075934,4,1292889600
AM49ALK3ME2P4,739076744,5,1392336000
A2ZY5SP8VM7L8M,739076744,3,1364947200
A4IJBVEONRRPP,739079883,5,1350172800
A19S0PVHO7GF1G,739079883,5,1353110400
A5BMX3TXL6CVQ,739079883,5,1325030400
A2GNRT0PHQEOJO,739079883,4,1343260800
ALUSKIP8IIC1K,739079883,5,1356480000
A3SKQL1PUIJGQZ,739079883,5,1393372800
A1PMQUX4ANU2EI,739079883,5,1383004800
A1ZWYHPFU87O12,739079883,5,1387411200
AQQ70ZN7M326O,739079883,4,1383091200
A1CPGC3XRBVUBY,739079883,1,1391385600
A2UYRHO941OGJQ,739079883,5,1361059200
AEY9R59KIYLA3,739079883,5,1390262400
AZ9S4HD6KTLYN,739079883,2,1363737600
AN175XHIN3P8C,739079883,4,1355097600
A27EDFQC5LDMW,739079883,5,1375574400
A1GD4TZVOS9W0M,739079883,5,1357948800
A1C6QF54Z3ELCY,739079883,5,1387152000
AVDF96SQ0A37M,739079883,4,1362787200
A1DZDG9AT98298,739079883,4,1345852800
A1MH2H50FHBJ9H,739079883,4,1353888000
A3OOWNQR1ZUWUC,739079883,5,1389052800
A1Q8Q9UIJEUK9J,739079883,4,1372291200
A2QZ5DZDHJSRWR,739079883,5,1347494400
A8UH9H7JBHW4O,739079883,4,1346803200
A3QQ1OHF85HY3D,739079883,5,1347580800
A3EY5AS2URS76I,739079883,5,1354579200
A1FOV8SWHR9X51,739079883,5,1360195200
A12FRX3NLOI290,739079883,5,1357603200
A69DHIPWIS8XJ,739079883,5,1355788800
AUW3P50CSA1JL,739079883,1,1354579200
A1GA97LLHLSR42,739079883,5,1325635200
A22EJCW79HS9YC,739079883,5,1390694400
A1YEPO2L3J7Q3Z,739079883,5,1356739200
A3T4S8Z702KYZ0,739079883,5,1354752000
A3NBI7IPRK92AF,739079883,5,1358035200
A39527U6KOTH4O,739079883,5,1366416000
A14Z5I1REZ4G5X,739079883,5,1356480000
A1X9IVHKY7ZDE8,739079883,5,1356912000
A1ZT75NTO7K37L,739079883,4,1356652800
A3W0PTHD219LXE,739079883,4,1398124800
A2I8GWTACDA8LC,739079883,4,1389571200
A2467Q6PX4KSVT,739079883,5,1355356800
A69D8M35YLTI4,739079883,4,1393372800
A12ZKH2BK1VRA,739079883,5,1363910400
AOLT0S9DCNVO0,739079883,4,1386892800
AHKQWQBQKKMBT,739079883,5,1364947200
A168343XKMAH32,739079883,4,1356652800
AZDMGDR9I3NLP,739079883,5,1393200000
A2OGGOIBMK5XRX,739079883,4,1357689600
A3FBSMYWVJPKRC,739079883,4,1355702400
AX6MUW7GX4338,739079883,4,1321401600
A2PC6KJ50P32KE,739079883,5,1356739200
AZKVNHTQR8NX7,739079883,5,1355875200
A3TIUD47WIMUPH,739079883,5,1371427200
A3B10WT5IW57M7,756028566,5,1381968000
A3LC8LHTK1UTYQ,757931847,5,1247097600
A3JWAXXSVMD1TI,757990894,5,1168300800
A1PPT7LIYOPA4I,757990894,5,1282348800
A1ZV0K3T00ZI60,757990894,5,1365206400
A3RLSTK6VT8W21,757990894,5,1274832000
AA5QIWUH7BU14,757990894,5,1111795200
ANV0D1Q0WQAG,757990894,5,1094947200
A3BWUW9UAABR52,757990894,4,1042934400
A2FI24PPX05QSM,757990894,5,1255305600
A18WZ6OWAE1IJU,757990894,4,1044316800
AV8C52E5E91WK,757990894,5,1274227200
A2TTLGX8E9QLDG,757990894,5,1379721600
A133KQ0TAOCJSH,757990894,4,1175040000
A2BZF8HV8H50BO,767851013,4,1163116800
AA7TO02F4P4SH,767851013,4,1257292800
A3P8EU6TY3NQC0,767851013,5,1381104000
A3UE57S8G2G72Y,767851013,5,1305763200
A18BD98SU49UB7,767851013,5,996969600
A12LM2EC4DGKSV,767851013,4,1151193600
A34Z9I3XYZOFYO,767851013,5,1379030400
A11TBIWTK6MI3C,767851013,5,1006646400
A2TILI9QO90E0I,767851013,5,1389139200
A2J5VF7AOW5XUL,767851013,4,1299283200
AOYDBSDB2K7ZB,767851013,2,1383177600
A1PQNXFH9Q2KUJ,767851013,5,1391990400
AKI2YIJV3VHQI,767851013,5,1367193600
A1M8AYAL3L8ACP,767851013,5,1317772800
A28YWCHBN89CJ4,767851013,5,1395705600
A2U5T1XSG1TBHT,767851013,5,1391385600
A3UC6P2UJAG53R,767851013,5,1388102400
A2Z7ONN5O7EDHW,767851013,5,1403568000
A1SOERSS3UD2GF,767851013,5,1200614400
A3JSOLOAC9DTV1,767851013,5,1039824000
A389GZJN3771SB,767851013,1,1039392000
A35PWBK41TF8DB,767851013,5,1395878400
A3GJ5K4X9C2MKS,767851013,5,1355443200
A2CGPBVUN6BMQN,767851013,5,1214956800
ANCOMAI0I7LVG,767851013,3,1376611200
A2WEGZKFVQ32WE,767851013,1,1388534400
A2MQW2HRBMELO3,767851013,5,1290729600
A2BFKI3WY4VJV2,767851013,5,1401148800
A34YWKIF1YF16J,767851013,5,1346544000
A2AY6BN6KVN3L4,767851013,5,1356652800
A38V1ZNX1BMD4I,767851013,5,1404432000
A2UMY98SHQWKV3,767851013,5,1035331200
A3ETBXLW240ZA4,767851013,1,1355529600
ARV4JJF7WRKS0,767851013,5,944265600
AVVJR57VD5FGV,767851013,4,1357603200
AB4F6UHL20U95,767851013,5,1386633600
A3VLBN8OLCYEV,767851013,5,996883200
A289X28PYTGJ5F,767851013,2,1184112000
AX2E8VE75XJRP,767851013,5,1302652800
A3NXZB1Z10N1JR,767851013,5,1222732800
A2A9KKMRN7WBWH,767851013,1,1364860800
A7JMNKJ37G5PI,767851013,5,1400025600
A1TI4GX9INVFYS,767851013,5,964051200
A25EB9OUST62SQ,767851013,5,1242259200
A3IAUMZP84FDU7,767851013,1,1118793600
A1GPG7JIJPDCAJ,767851013,5,1173571200
A2EZ83DRDKGA64,767851013,5,1223683200
A2661YUX2T0PSQ,767851013,5,957225600
A3KVIWBBTFYV50,767851013,5,1372636800
A1O2DE53N4PE35,767851013,5,1391904000
A3L6CNXEW2PQZC,767851013,5,1379030400
AS9GWVMFHBH2P,767851013,5,1268006400
A2BX4L9O6ZCCCV,767851013,5,1396224000
APSKS9WQGPS5P,767851013,1,1390953600
A358XP3X4U0X45,767851013,2,1130976000
A2F59UPZ76CJW9,767851013,5,1193616000
A2ECZYR6NWN5V,767851013,5,1178236800
A34DOYJ01ACWNH,767851013,5,1207353600
A2LVM41VNTR8ZQ,767851013,2,1345507200
A2LLWO2030A41A,767851013,5,1281657600
A2U2BAK0ESMC64,767851013,5,1018137600
AF81U05JNRPGN,767851013,5,1263254400
A2E3AIOECSUY99,767851013,5,1353974400
A33IBAITBKQUSL,767851013,5,1403308800
A2HPIZ11ZUTIBI,767851013,5,1121644800
A2G6AQ3H8X1B4B,767851013,5,1364515200
A2FAB1KV9BSPLC,767851013,4,1357689600
A2PBV1899CX3TE,767851013,4,1215907200
AG9VLEDXLTI85,767851013,3,1204156800
A3K8POFWCQI2GS,767851013,4,1353628800
A2XXOXMP6X10HR,767851013,5,1008806400
A3HCOXKLJKJ41N,767851013,5,1356912000
A2EG1YZMW4MSQZ,767851013,5,1383264000
A38SK5ZYT3ET1Z,767851013,5,1385856000
A3UF6P68QAE5J1,767851013,5,1355270400
AGKFYAPLL59FR,767851013,1,1394323200
A372R6X0W15Y2Z,767851013,5,1081728000
A2702LWPDXQNF3,767851013,5,1390262400
A29BVXGCFKMIZE,767851013,5,1320105600
A1KG1A94ESEB4D,767851013,5,1389484800
A266TORT5VENQ7,767851013,5,1199232000
AWODZH6IF7MNE,767851013,5,1270598400
A17XR5ENAYLHFL,767851013,5,1389225600
A137LCHXWZS0V6,767851013,5,1085443200
AFC3FHWHAJKR4,767851013,5,1402358400
A1HNCT1QRSJHX4,767851013,5,1389916800
A39CX0EE4BZCZC,767851013,5,1189296000
A3Q1FVRV0CRYTH,767851013,5,1166486400
A1F04H6VU8V4X1,767851013,5,1389657600
AQZCCFIJYJWJV,767851013,5,953596800
A129IFEOFMZME5,767851013,3,996537600
A190I79VVCTMJR,767851013,4,1383004800
A3R2YB0WTTB0IJ,767851013,4,1175817600
A1H1ZAZSTPSM95,767851013,5,1357516800
A324A25PC1DFMF,767851013,4,1209945600
AOJF7RB0SSN80,767851013,5,1386547200
AE12AEJFCOGGY,767851013,4,960422400
A1KXVMAVP96K9F,767851013,5,1026777600
A37CZHTCWS6XKT,767851013,5,1232841600
A1PF4PX5AQZ2MN,767851013,4,1092528000
A1NHR100Z67VTH,767851013,2,1358467200
A15KOXRRNH6S4L,767851013,1,1358467200
A23GFTVIETX7DS,767851013,4,1045612800
AOYTQFRLD8VLP,767851013,5,1011830400
A3065QSAZ3XXIG,767851013,5,1388793600
A3RUROXU78LIIS,767851013,5,1393632000
AQMISEOLEAMGI,767851013,4,1210550400
A391NNYQTA37DT,767851013,5,1356739200
A2QB6Q9KD1U75A,767851013,5,1142467200
A1RJKMGPOK6FPQ,767851013,5,1379030400
A3L577V8TY26GN,767851013,5,1315526400
AVCRD98TH48RN,767851013,5,1069977600
AW4MT9WP95TVD,767851013,5,1100563200
A3FCB5E63LUR6F,767851013,5,1357516800
A1CUQT847I9NHB,767851013,5,1363996800
A1AKXBHFTV8IHE,767851013,5,1171670400
A30D34QNNVQ47K,767851013,5,1382140800
ADS5APY1NKTL4,767851013,5,1188432000
A1E6JS6C205VZD,767851013,4,1389398400
A29Q5Z9R5XWRH5,767851013,5,1360800000
AQ6INKE9JHWK5,767851013,5,1350345600
A2K07WT3GJA8BY,767851013,5,1034899200
A34GZPHWYPSY2T,767851013,3,1402704000
A29TKSIWA3JKF3,767851013,2,1388534400
A35SBVLZPOOGWE,767851013,5,1127952000
A313VOS25H6G2F,767851013,5,1356220800
APXZGOO4AJOZL,767851013,5,1389484800
A3FHSLWEMH7JD8,767851013,2,1008633600
A109VMUOILDBA7,767851013,5,958780800
A229EALPW5JQF0,767851013,5,1390867200
A3W4H9XNPFHHDD,767851013,5,990921600
A1QD9WUS13NA7F,767851013,5,1372464000
ATA9L747CJ622,767851013,3,1049414400
A2JAEJYUPT7NOG,767851013,5,1355097600
A2YD6PJ7PVZWAE,767851013,5,971740800
A2SRZQU1SZG4RR,767851013,5,1155772800
A1UASR08LO360P,767851013,5,1395964800
A2GA2SO3YK6CXI,767851013,5,1179705600
A23HLET8WYJ7UA,767851013,5,1308182400
AD00OAWDKV3KL,767851013,5,1189555200
A59TM6OC16NXM,767851013,5,1121299200
A10NQMAOQDTB7Q,767851013,5,1100649600
A2WKBXX88MV26L,767851013,5,1388707200
A2QM4L5GQ48T6L,767851013,5,1310342400
A1IQW546ZMTP0N,767851013,5,979516800
A2MRZPTMYFADUV,767851013,5,1118361600
A3SBTB3P18JCLP,767851013,5,1328227200
AKSLXRY0MQH58,767851013,4,1325376000
A3L1Z02J18UB4R,767851013,4,1278892800
AYSN2YKG1PCD2,767851013,5,1376352000
A17JF6JT4JDX1O,767851013,5,1140480000
A38MHSI8MS1A58,767851013,5,1370649600
A334U3YQ0V1368,767851013,4,1342310400
A2RM4XW4CKAF53,767851013,5,1120262400
A1FIY5Y6LX2N37,767851013,5,1228521600
A2GPN2VKS8E77C,767851013,5,1221091200
A3LBQOM48DDAYF,767851013,5,1390003200
A1MHWHUF7XHW2M,767851013,3,1377043200
AQY56OADR8F13,767851013,5,1358467200
ABV38BAJYACA3,767851013,5,1366329600
AOWHS28F3C5P,767851013,3,1313020800
ABG95DCQNV5AI,767851013,5,1352246400
A1UUFUJS883LIH,767851013,5,1297555200
ASXKADM0QVVYN,767851013,5,1369699200
A30BLWWS2O1Q3U,767851013,5,1388707200
A2RTLBJYAC6KFI,767851013,5,1391040000
AAZZFZ0ADGQXY,767851013,5,1389139200
A1I94C66N7FIJW,767851013,5,1379116800
A2HI1LT7JK1CT6,767851013,5,944438400
A2UW9NXLQ5ZGJO,767851013,5,1201305600
A2457FXFJQCG1J,767851013,4,1392681600
AOR4GK6YKDZEX,767851013,5,973382400
A1A1QBK7WB2NSC,767851013,5,1369612800
A18YLP69NVD21K,767851013,1,963360000
A378BNEWA34YB5,767851013,5,1128038400
A3J9LLWHZH15HG,767851013,1,1368230400
AJ8A6H8GPNT5G,767851013,5,1291680000
AEPJYN0NAX9N4,767851013,5,1014163200
A1JA4I9JTTPKJ8,767851013,5,1387065600
A1Q7AF2OA9YI3T,767851013,5,1392681600
A2NKXKSE7JZ4DV,767851013,5,927504000
A25917T846YWEW,767851013,1,1007769600
A2X5O8E6T1T46Z,767851013,5,1215907200
A2ELRC5Z7ULYHU,767851013,5,1362096000
A3FS6NKXQZPRFA,767851013,5,1390262400
A2SARNTK8O6PL4,767851013,5,1174003200
A3W1OO50SSUY8K,767851013,5,1356739200
A3TXKUGN3QPXU5,767851013,5,1197417600
A2Y7QCHQP8ZX18,767851013,5,1261526400
A3JM78ZBNHD4XL,767851013,5,1208390400
A7HJ601693IMC,767851013,5,1092096000
A3RFXYLYZHKRNN,767851013,5,1357862400
A2SIMOLBA74T6V,767851013,2,1265760000
A2VBL3SP3WHLC1,767851013,4,1069891200
A1CD3BKUCUU41Q,767851013,2,1133222400
A1X7AY985G1K5I,767851013,5,1388188800
A1JH7YKX8OLMTB,767851013,5,953510400
A29YAI6IR5XU5P,767851013,5,1066003200
A2W73WAGSPCC57,767851013,2,1390953600
A3I67WW9SIHP5H,767851013,5,1393286400
AVCPBGXNK2JSO,767851013,5,1293494400
A3AGE0ENQNJ8VG,767851013,5,988070400
ACYAAXUW7CB5U,767851013,5,1357516800
AKS9SJTHTU0OM,767851013,5,1302825600
AP65GPAL0IZ28,767851013,5,1199664000
A339NZQKH84XZG,767851013,5,1394582400
A2O999TAAAZ4M6,767851013,5,1365897600
A12WSSCWAN8X2C,767851013,5,1028505600
A2GHJCLM6TA26Q,767851013,5,1003622400
A12A4I4X5SCZPM,767851013,5,1079827200
ABIFHFT54VPGL,767851013,5,1355875200
A30HHWUCD39O8U,767851013,5,978912000
A2B9QHEY6M7XH8,767851013,4,1230508800
ANSZ09OZKHRJ2,767851013,5,1105142400
A3UJUVPDP4XF3B,767851013,5,983404800
AURFG53PCIA5M,767851013,5,1386892800
AD2BIAIH78QI5,767851013,4,995673600
A3J0AQUK0I4C60,767851013,5,1331769600
A2RHV42BTJSVON,767851013,4,1197417600
A21QR0PBT5Q12G,767851013,5,1390262400
AQ10DAWCS1GOE,767851013,5,1321401600
A39G39262O3LLT,767851013,5,918518400
A1GQAKL9CGQLP1,767851013,4,1372464000
A2NLIB986TEESZ,767851013,5,1010793600
A36SW1FI2TD98O,767851013,5,1174262400
A2CON4GD056OGB,767851013,3,1188345600
A23TFIKNWFQJMZ,767851013,4,1331424000
A2FZT0BAJGF823,767851013,5,1401148800
AA7MI7PQ9I7K1,767851013,5,1358726400
AUT4BDZWRAKC6,767851013,5,1391817600
A3SGG5TFMJNCCA,767851013,5,1006819200
A1AU22LN3H6SVM,767851013,4,1358380800
AAE28SICQ2BX4,767851013,5,1380672000
A9JP5CR4GIH9M,767851013,5,1380758400
A1MCBO2O639D3C,767851013,5,1361836800
A2ZVA7YG8AFWTK,767851013,2,1231545600
AR6E77H20KPC4,767851013,5,1266451200
A1I1EDS3F6ZID3,767851013,5,1388016000
A24QXRZBPK7H16,767851013,5,1383782400
A164BJIH7AVF6D,767851013,5,1401494400
A3E6GDKANA9W8J,767851013,5,1076976000
A1E9FVW8FVQDWM,767851013,5,1403568000
A3FWBXEPW5STNX,767851013,5,1366934400
A19NC3FBMZGLHH,767851013,5,1388016000
A1I4E1YDVGEDI3,767851013,5,1303516800
A2OBBOV7O4NALP,767851013,5,1404259200
A3LZGLA88K0LA0,767851013,4,1118534400
A6ZZTQYRDKUEH,767851013,5,1264809600
A2E5Q11RAVY7I0,767851013,5,1018656000
A1EZ9NZIWYJJD3,767851013,5,1235001600
A7KWY8M7VNLJF,767851013,2,1288224000
A3TXAHBYYH43I2,767851013,5,1400457600
A2OX1OM6OV433T,767851013,5,1396656000
A2QZKWX6IVPIJS,767851013,5,1231632000
A1LJ3HC9U634U5,767851013,5,1391731200
AJ93WEQ2AS57F,767851013,5,1309651200
A22U0C1AE95YD9,767851013,5,1400630400
A2SWLPKZCJG5I,767851013,1,1325203200
A28HXSAEJ8C3H6,767851013,5,1012435200
A2PXSD61V51JJ6,767851013,4,1035504000
A37EWN5SS67OOA,767851013,2,1113696000
A2HSH5RTPB1J1D,767851013,3,1387152000
A1X054KUYG5V,767851013,4,1233187200
A32ZIRX9BR6462,767851013,3,1399593600
A30LMTLC9XVWKJ,767851013,5,1168041600
A1PC44C5945T1L,767851013,4,1404172800
A11LWFD867TD3R,767851013,5,1162166400
A3BBCYYSEIFXOV,767851013,5,1393718400
ATBVNCR45T2LT,767851013,5,1228521600
A2TFJA2LDW6AOG,767851013,5,1371945600
AGROVRNDI5FSV,767851013,5,1373760000
A1BEBH272JRWR2,767851013,5,1354492800
ACLZBESHAAZJK,767851013,3,1179792000
A39IY0JU5JI69G,767851013,4,1175731200
A1NHO021UAKW7N,767851013,2,1103846400
A17S3PZQ537E0S,767851013,4,1345507200
A2HKQDXVY99CVY,767851013,5,1384387200
A3KLM2T9ZBVNO,767851013,4,1082332800
A1F12ZFB3LP2JB,767851013,5,956966400
A3UMDFD3QZGOJM,767851013,5,1170979200
A3E3XYGTA4FBJR,767851013,5,968112000
A281NPSIMI1C2R,767851013,5,1004486400
AU1E6KDG1FMG6,767851013,5,1147132800
A1Y5RYRM4AFUKC,767851013,5,1255824000
A2M66S05KKNSWC,767851013,2,1003449600
A4AYHYSDDBUMO,767851013,5,1400025600
A17KQJD7F7SD8X,767851013,5,1391990400
AM2PV53UX1JEQ,767851013,5,945734400
A3LUB2MLFVMBD9,767851013,5,1265932800
AECQIEADBGZ7F,767851013,5,1247011200
A2TVXA7E9NP5RM,767851013,5,1390176000
A35AX98WHBJ9J9,767851013,5,1404691200
ANA2PVMARGY8H,767851013,5,1118880000
A2EGK0YRDF4ZZB,767851013,5,1010880000
A217FJBX36G4YP,767851013,5,1391990400
A3H9QUTXHCQOTW,767851013,4,1402099200
A2332DDKWXEC5J,767851013,4,1387497600
A35VGW6ZGBR4JY,767851013,3,1082419200
A6A9M4OX4JECU,767851013,4,1082419200
APAL3AXZ73I0R,767851013,5,1394668800
A2VE1RLWG9DGEZ,767851013,5,1399420800
A18NNP5BGT8AXF,767851013,5,943920000
A1L46PC7ND70T9,767851013,1,1325289600
A79YGJXDFY53J,767851013,1,1331769600
A1MNRH0ESVNIM8,767851013,1,1086393600
AMZH09YG7SGNH,767851013,5,1085616000
A2WD3WINHU9T5O,767851013,5,1369008000
A2ZHH7AK83JB5G,767851013,4,1177113600
ADVJX3SXHFP7M,767851013,5,1385769600
A1LVOVSVY6OZWF,767851013,5,1390953600
A34TATJS2TP6RE,767851013,5,1379980800
A2SCQBFG6Q1QNH,767851013,5,1391040000
A2VLEX71IA190V,767851013,4,1217289600
A24ALPBYG2YX7K,767851013,5,1121558400
AWX8WR2TFLRB,767851013,4,1356048000
A1SCNO28CON63Y,767851013,5,1383696000
A32DMM024007HZ,767851013,5,1384732800
A353VIZ1YPJV6A,767851013,4,1230422400
A3VUW81EYX6LIP,767851013,5,955670400
A3CMU3U2LAZ5ON,767851013,5,1386460800
A1RGTGCP7UG4ZA,767851013,5,1358467200
A3N4E63ERHHXKC,767851013,2,1368316800
A1OAR8CRD1OUED,767851013,4,1396396800
A3J85VVGLCXD57,767851013,5,1358467200
A2C5P54IM63T87,767851013,5,1345334400
A26LB8TTPBTOI5,767851013,4,1388880000
A3W1ZTADK4XYYS,767851013,5,1165968000
AEBZYT1AYZ0MG,767851013,5,1206748800
A1OAFKEGFZT9BC,767851013,5,1356480000
A3AU3NKB1OFX4F,767851013,5,1346889600
A3KYGX3VE62OC3,767851013,5,1357257600
A2PLH460FC4JJB,767851013,5,1362614400
A1W8P36MPS03KK,767851013,5,1393200000
A2K9R3W5HF1BGG,767851013,5,1320969600
A35PKODFY56I6F,767851013,5,1389744000
A1POFVVXUZR3IQ,767851013,5,1229299200
A1P7X0HFM1ISK7,786615303,5,1358121600
AEKGR2KJM9JEG,786615303,5,1404864000
A2IL3CCPT90XEF,786615303,4,1321747200
A8C3CJYTIB77L,786615303,5,1301443200
A2U61OLT76XK5I,786615303,1,1376092800
A37XTZ4R9N1155,786615303,4,1393372800
AFBXPNFSTT2II,849428866,5,1400284800
A17Z80TSSN3VLG,849706807,5,1375142400
A38FCRZ6NA2TLQ,849707692,5,1378252800
A2I1M48MQ9JFGZ,849734339,5,1387152000
A3A7854P52BD6C,849734339,5,1386806400
A2SDB6LSUNMT2P,849756677,5,1368576000
AHU7VZ7YSM1NX,849757487,1,1255392000
A2HBSADEW4BV04,849757487,5,1321315200
AN3AT62V5NOIB,881881037,5,1388016000
A2R2LBRCOIQODF,881881037,5,966556800
A316HU3BAFG0D2,930948246,4,1006560000
A6AUCQ1L3LC2A,975681753,5,1340323200
A3EW86BS497JUN,976054809,4,1388188800
AK4OSRLTH4WFK,976054809,4,1215302400
A5CFSYB60ZDEQ,976605805,5,1354320000
AEMGH4RMOX06O,976605805,3,1371513600
A11DV5AL0YWJC0,976615355,5,1393200000
A1HZFX61FFSX8G,976615355,5,1361664000
A3FJQP7FKCJKB7,976615355,4,1390780800
A6NZG8WQCXIDJ,976615355,5,1401062400
A1AJN7G0SUR937,976615355,5,1364774400
A2LCMT03M9DUNB,977875652,4,1388102400
A1SBRFJS5EAPF6,977875652,5,1375056000
AFDYYAT7ST06X,977875652,5,1365552000
AAWXXQ76KH54W,977875652,5,1362009600
A23NCIEXUUKSWW,977875652,5,1365897600
A1Y7TKFQF0NXWI,977875652,5,1352764800
A2S8STEYYAR9PJ,1384719342,5,1367193600
A3776W3KR27FTH,1384719342,5,1380844800
A3BZ2HY0TA1KMV,1384719342,5,1382054400
AN2OZ2S80NTP9,1384719342,4,1404950400
A2WOPWNAXL54WT,1384719342,4,1389139200
A2L0CO46L85DBU,1384719342,5,1397606400
A2IBPI20UZIR0U,1384719342,5,1393545600
A1FOYFP25YJLDH,1384719342,5,1382486400
A1ITUQ1BEPFOM7,1384719342,5,1378598400
AX8VIH04ARMDN,1384719342,4,1371772800
A14DZY6S9MLJB0,1384719342,5,1379030400
A3LOB0TCF2PGVX,1384719342,5,1395273600
A30KIR0JNE2EX5,1384719342,3,1379980800
AWV6UY1OAL6KK,1384719342,2,1393891200
ALL5PQ38WT3TF,1384719342,4,1388361600
A2T6KDYAAX6K8G,1384719342,5,1384646400
AWWZUQWYLA6XW,1384719342,5,1378598400
A14VAT5EAX3D9S,1384719342,5,1363392000
A23C6BTM0IELO,1384719342,5,1383091200
A3PXOQKPP8DX2P,1384719342,4,1374451200
A38IWWS2JP8V15,1384719342,5,1404259200
A2GCAI3Q9I1EPT,1384719342,4,1393286400
A35KZFV5RV6ODE,1384719342,5,1396915200
A39NY1WKMR1VTY,1384719342,1,1393545600
A2MBGLCXP183SV,1384719342,5,1384732800
AOLPU94MRVR20,1384719342,5,1374883200
A3DMIYTEU0A9LS,1384719342,4,1382918400
A1OHAHOPA4TD80,1384719342,5,1372550400
A195EZSQDW3E21,1384719342,5,1377648000
A30SWXW6UVNY96,1384719342,5,1371427200
A2IY86ZVVW4DVT,1384719342,4,1394323200
A2C00NNG1ZQQG2,1384719342,5,1392336000
A94QU4C90B1AX,1384719342,5,1392940800
A2LTWOXLIMFF2N,1384719342,5,1385424000
A2PD5XTBLQ54Y8,1384719342,1,1388188800
A2ETVX2R3HK48O,1384719342,5,1378252800
A1KZU0OC4VVWZ,1384719342,2,1388966400
A2UBFXL0GG6A6K,1384719342,5,1380672000
A1S4LVF3ZJPS5O,1384719342,3,1391558400
A1DI9BEQCS4GMP,1384719342,5,1389398400
A4BL3GUL7DH7Q,1384719342,5,1399161600
A3SNNV8EMOCGBW,1384719342,4,1394928000
A2JMNIBL3297GA,1384719342,4,1374796800
ARDK8O39G8IBS,1384719342,1,1380412800
A2CO7EYXWCBFHA,1384719342,3,1388707200
A1GM42BFJ88GKA,1384719342,5,1368921600
A1GUSCFIJYF52G,1384719342,4,1377129600
A1ALOIPRR8Q06J,1417030321,5,1219968000
A1O005WUQUF1K9,1417030321,4,1146960000
A23Q68A9OISDZJ,1417030321,4,1140739200
A29VMX4P240OKM,1417030321,1,1401753600
AQUU8S55JGY2H,1417030321,5,1137283200
A1V7FLEMLZ3A0I,1417030321,5,1144800000
A1EPVI1J4JII2W,1417030321,5,1144627200
A34SAHBY44Y0AA,1417030321,5,1142467200
AU9LNXHYO4CN8,1417030321,5,1173398400
A1LTJD7WTF8H4Z,1417030321,5,1184112000
A296HOCXHFHG23,1417030321,5,1138752000
A3K9Y2HAXZ137I,1417030321,2,1138665600
A32NIYLIVRBBNQ,1417030321,5,1141603200
A2PV6GK1HV54Y9,1417030321,5,1145232000
A87L4NKIGWI74,1417030321,5,1148342400
A1Y7QBEY59XFFV,1417030321,5,1150156800
A371LO7RP9RCOR,1417030321,4,1144886400
A3GKU0NILLHDWQ,1417030321,5,1143763200
A18NGG519RNZGT,1417030321,5,1142467200
AJWMVSLEVJ1UP,1417030321,5,1144368000
A1DK1O62HFSFHP,1417030321,5,1146441600
A184FJD73PAMZH,1417030321,5,1146614400
A2H2BI9GDIVTE1,1417030321,5,1140912000
A2TFG9059TWQY3,1417030321,1,1297555200
A3RP2CPKTOIO8T,1417030321,5,1139184000
A1UFARU1PZAX6V,1417030321,4,1138579200
A39IBJB2PBVC7I,1417030321,5,1151020800
A3UK94ZNVID1Q1,1417030321,5,1138147200
A31PH3B7AHFHCS,1417030321,5,1146441600
A3NQU1649SH0Q4,1417030321,5,1136073600
A35HT867PTTRFS,1417030321,5,1141862400
A2FY534BPSHOR5,1417030321,5,1379894400
ATDE9JYCPI0L1,1417030321,5,1148860800
A37PV5GMP2ILJC,1417030321,4,1143504000
ALJBKOMTY7HSX,1417030321,5,1141603200
A3EBHHCZO6V2A4,1417030321,3,1199404800
A1CKUZPVTV2D8C,1417030321,3,1137888000
AK0CENM3LUM28,1417030321,5,1246320000
A1OUUEXZNK04FI,1417030321,5,1267920000
A1S9TS5MVC1PEH,1417030321,2,1328140800
A28JXLK1HC1XQS,1417030321,5,1137888000
AV3IMDC3C0F8,1417030321,5,1155254400
A3L2506W8QLD2Y,1417030321,5,1144540800
A11VWUNAPEZZU7,1417030321,5,1166745600
A1WIU4FYA9JRX,1417030321,5,1140480000
A1V6WCNROQ2O4C,1417030321,5,1138233600
AUZYKPP1H0XNW,1417030321,2,1141430400
A2ZSOYA806UINC,1417030321,5,1148947200
A4F78X2CQCEP9,1417030321,5,1147564800
ARYMFUOVHLHCJ,1417030321,5,1138233600
A27EH1X1KIK2JA,1417030321,5,1143849600
A1I3R8R7GHLKMV,1417030321,5,1148947200
ANCOMAI0I7LVG,1417030321,5,1182729600
A2M0QBI4SFSPRQ,1417030321,4,1146614400
A29X0YEL6O4KZI,1417030321,4,1143244800
A5FIIEYG9Z4LD,1417030321,5,1138406400
A1ADGDZFUKW0TJ,1417030321,1,1203897600
AGQ37SKBCUULC,1417030321,5,1218499200
AP839YM0XJ664,1417030321,3,1144800000
A1UR2DTP2LLI63,1417030321,5,1150156800
A1FE06N5A77K8W,1417030321,4,1139011200
AJFHD901JO0TG,1417030321,5,1145232000
A2UKC6QFG9L5GV,1417030321,4,1145145600
A3KI9ZHXNGCKHH,1417030321,5,1139702400
A2EL3990HXOMZB,1417030321,4,1195603200
A3CRTTOHSPN66M,1417030321,4,1393372800
ARA48345JZPZR,1417030321,5,1141862400
AIJN7CVPQ2CS5,1417030321,5,1138665600
A1RE4GU6S5ZF52,1417030321,5,1146614400
A17TU2VMNU8637,1417030321,2,1207440000
A1AMBITCLPQT9B,1417030321,5,1142121600
A2FI8ZZ0H19HLQ,1417030321,5,1144022400
AE3AQBW1HTJUH,1417030321,5,1183766400
AZRMSXXBKA9YI,1417030321,5,1140566400
A5MNZ9KGPQE2J,1417030321,5,1396137600
A33W8U5CZ32VKV,1417030321,5,1388793600
A2QQ6OWOUPV2YI,1417030321,5,1138147200
AG97Y9T29W2VD,1417030321,5,1149638400
A2LQ1JWKEGRQSY,1417030321,5,1137456000
A2FL0EKQ2EQ9E6,1417030321,5,1144540800
A3FSTO7SUAZZP2,1417030321,5,1400457600
A14ICBXEK3G5GB,1417030321,1,1336089600
ANGH6401L9Y0T,1417030321,5,1337385600
AH12K6J0H95CO,1417030321,5,1135036800
A38YUU4J5Q4EJO,1417030321,5,1170288000
A1G3JOF5AWQEZB,1417030321,5,1363564800
A3EUSH8DPW75LR,1417030321,5,1237075200
A2ZAEYPSNXU2CM,1417030321,5,1137196800
A33TGH93QBWLR4,1417030321,5,1147478400
A2HL7R8R23NERT,1417030321,5,1146700800
AVFP6Y641X6CZ,1417030321,5,1395100800
A2YM0JQI2IO0VS,1417030321,5,1147478400
A37U3KU095R4AG,1417030321,5,1146700800
A1SHRQ829VHWZO,1417030321,5,1144022400
A2HKWO6JRJ1JOM,1417030321,5,1146355200
A1FJ30YH7GQXLS,1417030321,5,1144195200
AR37967IAR6ZT,1417030321,5,1136246400
A2EHIUC9C8YERU,1417030321,2,1149292800
ADXY2YKIZSC1G,1417030321,5,1139875200
A3VMFB5T15HAHD,1417030321,5,1196294400
A24JGB5GJEFRVF,1417030321,5,1140652800
A16E2XTMT1SC46,1417030321,5,1355961600
A2KKP1WL8ZWHQF,1417030321,5,1137801600
A3J5ZKU6DRTUTC,1417030321,5,1139443200
A383Q6UK27585R,1417030321,5,1169424000
A3NZQ0VE36B3FN,1417030321,5,1141603200
A1WIJBJC90JU2I,1417030321,5,1368921600
A3CDJ2DVD5MZ3C,1417030321,3,1148688000
A1ZWDTXSH1ZV8E,1417030321,4,1227312000
A1WLXQH93A2U2E,1417030321,5,1236643200
A2ZFRHGC9HKXBI,1417030321,5,1137715200
A3DVS9Y4Z1HIDJ,1417030321,5,1134777600
A3AIR7KMBK03IA,1417030321,5,1147564800
AROK11A2UXARU,1417030321,5,1138492800
A36RS7KTNOBROF,1417030321,5,1138233600
AQE0LTOI6OQ91,1417030321,5,1176768000
A2FIUX1YHZ4WWS,1417030321,5,1137456000
A352T78MKORC7,1417030321,5,1144454400
A1EZP9ADVHH5N3,1417030321,1,1135814400
AC1JHC8N4E5D8,1417030321,5,1142899200
A136O53RBLMHSL,1417030321,5,1214438400
ART1AV2469IJP,1417030321,5,1363651200
A1TEMNM9ZEOLJ6,1417030321,4,1222560000
A3ERI32UIPNJYP,1417030321,5,1142899200
A161S5PI8O24J1,1417030321,5,1144972800
A2XIEZMMSC0FJK,1417030321,5,1138665600
A2INQVQYW7ETYV,1417030321,3,1145750400
A3HLRR2FL9E5DP,1417030321,5,1134691200
A2IN8F1OTKOX6X,1417030321,5,1147564800
A1LC52C5RG7XRC,1417030321,5,1151539200
A10YQN2NHX3V1M,1417030321,5,1148515200
A1RFEMBGN1IXID,1417030321,5,1142726400
A36B5X3V61OOT4,1417030321,5,1146614400
A3W3JMDLMPTYKP,1417030321,5,1139011200
A3EW2L59UBHQSG,1417030321,2,1135814400
A3GHANTL2BGL6G,1417030321,5,1154217600
A32EC4MZLSLU52,1417030321,5,1142640000
A3JPFWKS83R49V,1417030321,4,1147996800
A2HVL9KBM7LVZ4,1417030321,5,1147651200
AYHZ8IB36MQVM,1417030321,3,1138665600
A3076EOC4KH3OX,1417030321,5,1400025600
A389AB5MB0QKNP,1417030321,5,1206403200
A2AHQ50FLYP63T,1417030321,5,1149379200
A2E3F04ZK7FG66,1417030321,5,1178409600
ANMJJITAF8PUG,1417030321,5,1135209600
A2PJ09DVJIQDFO,1417030321,5,1143504000
A2L2MEBWAMXT7L,1417030321,5,1162684800
A3NK0H1T1DZBEY,1417030321,5,1176249600
A3W33GUYLTKFUL,1417030321,5,1355443200
A1IWR4FKPGE95C,1417030321,5,1135900800
A3CWUH13E2DDLU,1417030321,5,1362528000
A10TR7ILFQ5OVY,1417030321,5,1138406400
A31KS7GX1PRVGH,1417030321,5,1141344000
A30AYF4T8DJW2N,1417030321,5,1253923200
A1XYB8QKX9KY92,1417030321,5,1139788800
A2FNA5903D9E6Y,1417030321,5,1137801600
ABZMEHB9VMKJY,1417030321,5,1139270400
A22BWHNFE13GNC,1417030321,5,1144713600
ADJ0Q852OT00Y,1417030321,5,1183766400
A38O80QMXQVW3C,1417030321,5,1357862400
A3SUD7WHS9KI57,1417030321,5,1137715200
A2671J7KYLAE5I,1417030321,1,1144454400
A31G8U1OGECTP8,1417030321,5,1149379200
A3LTVNDYAHYWMZ,1417030321,5,1149206400
A4X7FBQ5SKPI6,1417030321,1,1174003200
A3VIOCJZ22JZXT,1417030321,5,1142208000
ABDTW4T667R19,1417030321,5,1142985600
A1AWR4RSN6BI1N,1417030321,5,1137456000
A2IF6UKZCV0V0Y,1417030321,5,1144368000
A20MIBSYZBXI7S,1417030321,5,1144281600
A2RBHC9D8N7CVZ,1417030321,5,1148774400
A2ASFQDIEBK6DP,1417030321,5,1396224000
A1O7OISO3F2U77,1417030321,5,1327190400
A29301LS0ARSP2,1417030321,5,1357171200
A1J3M1VKG45B9Z,1417030321,4,1386720000
A3B0LXKS6YQS9A,1417030321,1,1136764800
A2427EPDGY7AEO,1417030321,4,1146960000
A2PQ4EJX8B985O,1417030321,4,1154476800
A375H588WTKEHM,1417030321,3,1138579200
ALOU5B3N8270S,1417030321,5,1136419200
ASTLH7GX85VYE,1417030321,4,1198454400
A1KJSFI56GAP6F,1417030321,5,1149206400
A35DX4RMYYZDU5,1417030321,5,1149379200
A5HJHCSSCSYOO,1417030321,5,1361232000
A1Z0N9V4OKF73G,1417030321,5,1149465600
A1MYEJJFB705KB,1417030321,5,1134777600
A3JPKSSN16WAUW,1417030321,5,1149379200
AD43V98BTHVRP,1417030321,5,1162684800
A7OU25N7B1SYV,1417030321,5,1137369600
A1I7QGUDP043DG,1417030321,5,1194566400
ARPUO547WIHDA,1417030321,2,1149379200
A1A89LQ8C1AYV1,1417030321,4,1196121600
A2R0HWQOACEWSP,1417030321,5,1142812800
AP0DQSDFSLP4P,1417030321,4,1145059200
A8FQEHKEVW04L,1417030321,4,1137196800
A33MFO558UXQIL,1417030321,5,1173312000
A1AQA25IMJ1PFZ,1417030321,5,1144886400
A3ND94LIWRW72R,1417030321,5,1144195200
ANTSC8UV4RJU6,1417030321,2,1395273600
A2S2E8QBEJ2YZ,1417030321,5,1145318400
A2SLWXD4HT0CT,1417030321,5,1145577600
A3EOZ8FJWXL2CG,1417030321,5,1141344000
A2YNTGYG5J5U3J,1417030321,5,1136678400
A15X9LORZAIDAQ,1417030321,5,1145059200
A23SQQKI5EEEIJ,1417030321,5,1141516800
AS558SNWF1DXG,1417030321,4,1137801600
A39SUD3DQQ5131,1417030321,5,1138838400
A32SSTX8PDDF71,1417030321,4,1137110400
A26C6WFV19ZRLN,1417030321,5,1141862400
A1AISPOIIHTHXX,1417030321,4,1144281600
A24XAFHKD0NT28,1417030321,1,1136419200
A3AB4DLKEWA7FN,1417030321,5,1136592000
A39HIDLK3NNICM,1417030321,1,1147564800
A1KAPF9U0J4YT4,1417030321,1,1143936000
A21G1MUAP3JUDX,1417030321,5,1142985600
A1IH0MBJMYV9CH,1417030321,5,1134259200
ABJ0MHXXOO7Y9,1417030321,5,1148860800
A15C7NTE879V4L,1417030321,1,1143504000
AAWY8O2XOW1D7,1417030321,5,1358812800
AWFBGAY8EP8J5,1417030321,1,1221868800
A39AWL2FKWDFK6,1417030321,4,1143849600
A29WTVAJAR03Q4,1417030321,5,1138924800
A3R90OGE1EACZE,1417030321,5,1146096000
A371QM5USHPWW,1417030321,5,1143590400
A3J18M45M1XBLV,1417030321,5,1143158400
A1V44WCLV1CVIV,1417030321,2,1204243200
A3LSI4QP08B976,1417030321,5,1325116800
A3LC7ND5UJ23YL,1417030321,5,1148083200
AHWTV6RDSXAXE,1417030321,5,1144108800
A21B2TJBWCSK1R,1417030321,5,1144022400
A218FS2L5FIRHB,1417030321,5,1138665600
ACXLSZPQ9CBEV,1417030321,5,1142899200
A37RPSATKIS1SV,1417030321,2,1263081600
A3LN7Z4HBK5YSA,1417030321,4,1139097600
A1HI7Q4GC3LXHO,1417030321,2,1145491200
A2EZ6MVWQD60DL,1417030321,5,1365120000
A28WJUJF6D2ULA,1417030321,2,1157500800
A1P0M7XSZXZ6US,1417030321,5,1146009600
A1IKG82ZNZJGDT,1417030321,5,1148342400
A3EACQYUBAK7XJ,1417030321,2,1144627200
A1NQFBD4ZTO1FZ,1417030321,5,1149465600
A3Q1FVRV0CRYTH,1417030321,5,1140480000
A2885ZASME7Z8Q,1417030321,5,1290643200
A31YOFU1SLD6FU,1417030321,1,1227657600
A1USH00C6IKWTR,1417030321,5,1148515200
A101NL7V1MIIF4,1417030321,5,1140480000
A1MYID3N982VZ0,1417030321,5,1142985600
A9Q76JUWXIK3B,1417030321,4,1182124800
A3R2YB0WTTB0IJ,1417030321,5,1201737600
A16GPZWD2TX2AM,1417030321,5,1145750400
A3DGVB3T5QJNRE,1417030321,5,1137542400
A120AA4K56QFOZ,1417030321,1,1141948800
A2HII4U9WQ0XUV,1417030321,5,1145664000
A3H08KP6R05VH8,1417030321,5,1316563200
A3UU9IIOLGONMM,1417030321,5,1151625600
A27FR2C67JPDRS,1417030321,5,1140566400
AJRPOXVAQ4JW0,1417030321,2,1287964800
A3NTT1L9QVCV38,1417030321,5,1254009600
A1YQ6QB2127AJ4,1417030321,5,1148342400
A2B73CL3QSYWLB,1417030321,4,1147651200
A1ZEG4P6VFKT0F,1417030321,5,1236643200
A219MQSFBVCSMU,1417030321,5,1144281600
A20D1L19JZK5S0,1417030321,5,1137456000
A28UJYGUTR68KF,1417030321,5,1139184000
A2Q42ON9CEHR4O,1417030321,3,1146355200
A2JXAQ92WYPAAR,1417030321,4,1183593600
A2D1ZQEFS1NBH2,1417030321,5,1143763200
A15IQNTQX7QYQA,1417030321,5,1138579200
A151EQUPK4MHRT,1417030321,5,1173312000
A16DKIVAVJ6B5S,1417030321,5,1134345600
A2FFH6QXGNFAI6,1417030321,5,1144281600
A9VD20X239FSR,1417030321,5,1143072000
A1UJMTQ3DZFC1I,1417030321,1,1221868800
A3UGTHG1B15VPK,1417030321,5,1145318400
A1FAD54AVDM9DC,1417030321,5,1141689600
ANCJEUP717M2U,1417030321,4,1147737600
ADYQ252XHW81X,1417030321,1,1321315200
A3JRI88CZSIPQY,1417030321,2,1138579200
AH9GBOB2FVUH9,1417030321,5,1140998400
AXGQG0PHFY6JS,1417030321,5,1148688000
A2G11POT4O54RD,1417030321,5,1147219200
A1FF2KROA1D87,1417030321,5,1172620800
A8T4HCAOYPA0C,1417030321,3,1142553600
A1QDZ919YMYM9X,1417030321,5,1362614400
A2OFSDJB3MVQ16,1417030321,2,1254528000
A1YF47CVBJ6YTZ,1417030321,5,1340409600
A3K89Z34CS7OQC,1417030321,5,1241913600
A1CMB89X3VBPYX,1417030321,3,1141603200
A1LAS6RCNZL4CB,1417030321,1,1137024000
A2SYUDVK5Y3CQ,1417030321,5,1145923200
A6XXDQ0XEHB0,1417030321,2,1292976000
A64UKRLW5THTA,1417030321,5,1149379200
A3V4BJDVLE966X,1417030321,5,1149206400
A16Z9F8V8ITZCH,1417030321,5,1147564800
A1VEXHGQ24YIRV,1417030321,5,1144281600
A2U4J0N9N6W34F,1417030321,5,1201046400
AWH2XX8OK4PCS,1417030321,4,1403222400
A1BBAW36SSMIP2,1417030321,5,1144713600
AC5ZFE26DCSMP,1417030321,5,1137628800
A1JXF6Z23X8Y23,1417030321,5,1138406400
AC63924IPU3IS,1417030321,4,1165536000
A18S639JPY3821,1417030321,5,1140566400
A18ZZKWQDFX4T9,1417030321,5,1141603200
A1YYOWGVKW1G2H,1417030321,5,1137542400
A2FOM01K0V1PZS,1417030321,5,1138665600
A30EH53Y32NUTT,1417030321,4,1141776000
A2FRFA1RQOYY1O,1417030321,5,1145923200
AJTYBLH1HFEEB,1417030321,5,1142985600
A1AYEI2SNFPYES,1417030321,5,1140220800
A3RTMB76CJWY9U,1417030321,5,1141257600
AW4MT9WP95TVD,1417030321,5,1136592000
A3PCZKVZIXZ1WM,1417030321,2,1165104000
A2UWNGJHFJAHSE,1417030321,5,1369008000
A2BEU7GPGNIG44,1417030321,5,1144108800
AU2A25GHFAHB8,1417030321,5,1137283200
AI54XO5Z755FH,1417030321,5,1149984000
AK5YEEBUA636B,1417030321,5,1156464000
A20CTDRLT4HFI2,1417030321,5,1142380800
AFZGS9T5KTQ7B,1417030321,5,1140652800
A3HCWEC28GQV0H,1417030321,1,1136505600
A2EW0TLYGXC4JO,1417030321,1,1169769600
AYB3CG5IVMTSN,1417030321,5,1136246400
A2YEW3B1R4TI2I,1417030321,5,1147651200
A3D5SZV2X08CFJ,1417030321,5,1138233600
A28W8EXDDA0HHM,1417030321,5,1373673600
A3I4VRKEVU2N8H,1417030321,3,1145145600
A32EZ1H2Z6AA5T,1417030321,5,1137801600
A2BM391HWG60SU,1417030321,5,1143849600
A4E3CR9BZZR8Y,1417030321,5,1370131200
AT6CZDCP4TRGA,1417030321,4,1152057600
A1IW7TCP0GPRL0,1417030321,5,1147564800
A13E0ARAXI6KJW,1417030321,5,1134259200
AIWDJ3S85O10Q,1417030321,5,1144108800
A1RFU8MKXGU30R,1417030321,5,1207180800
A285ZMICEM3LH2,1417030321,5,1139097600
A19PCNHVROQ7H5,1417030321,5,1179878400
AC4OS65DJPQMN,1417030321,5,1147564800
A1H57S6ZRGQG84,1417030321,5,1144540800
A12WZRKEGC3DQQ,1417030321,5,1144022400
A29TMCPGOMFO5O,1417030321,5,1259366400
A19M88NCKJBV44,1417030321,5,1140220800
A1LG6U5416I6RK,1417030321,5,1150848000
AJ3ACA3HG3HJU,1417030321,5,1145404800
A27W8QRWP0O9BQ,1417030321,5,1142208000
A165QTRGCJVCZZ,1417030321,5,1145577600
AS5E9H1O01DSQ,1417030321,4,1151712000
AV8UYGUJSUIRX,1417030321,5,1138579200
A1SW80RQNB3DMK,1417030321,3,1153094400
A1REXABSXMNY8O,1417030321,5,1138752000
A1NYNENPTW4FE6,1417030321,1,1144195200
A3B3Q0Q8ANBB22,1417030321,5,1142553600
A5RA4HIR3S8EW,1417030321,5,1178928000
A2QAZY164TVQNQ,1417030321,5,1164758400
A3LGR1ME0F03FR,1417030321,3,1148515200
A4PPZNQF1X2IY,1417030321,5,1257206400
AM38L6MO5PHQ1,1417030321,5,1142640000
A100JCBNALJFAW,1417030321,1,1138924800
A14XNIMFVEI8L3,1417030321,5,1189209600
A19OQ7LWE2YJL3,1417030321,5,1145664000
A2HIWDD2TDXS19,1417030321,5,1135814400
A12LQ6FSUX0Q5D,1417030321,5,1144108800
A3UGJ1ZRODSBLG,1417030321,5,1142726400
ASBM5KDZX5Z73,1417030321,5,1147478400
A1X12F0KC8GY6M,1417030321,5,1180310400
A3GGGO6JR5YXVV,1417030321,5,1353024000
A2T85KZM73MGH8,1417030321,1,1400112000
A2QI8XSPOD0V9P,1417030321,5,1146009600
AL1QUJ3MBF40P,1417030321,5,1148947200
AFTNFH8409I88,1417030321,5,1139702400
A1ER3JLLFQ39VJ,1417030321,5,1141603200
AGG4PTN2VBSQF,1417030321,5,1148774400
A1GY4VWXY0747S,1417030321,5,1149465600
A2VE83MZF98ITY,1417030321,5,1140134400
AFTDYUEPD6ZB3,1417030321,5,1271289600
A3MG47HDG0KRKZ,1417030321,5,1139443200
A2EIL3138KDZQB,1417030321,5,1367452800
A37IQUOX0CU42C,1417030321,5,1143244800
A2HR8K8U1L36DC,1417030321,5,1144195200
ACIBQ6BQ6AWEV,1417030321,5,1138665600
A36JXQDWV08MSY,1417030321,5,1134691200
A13ENOABFLDJLA,1417030321,5,1142985600
AY12DBB0U420B,1417030321,5,1178064000
A1EZM74QDQG7EE,1417030321,5,1144540800
A1TBOJ5SIM00NB,1417030321,5,1139961600
A3BI0MFQZUMOK0,1417030321,5,1321920000
A1YMFZS0BGU2IB,1417030321,5,1138060800
A8LLLJI17SG1N,1417030321,5,1137628800
A3BWP965RIWBCU,1417030321,4,1384819200
A3RAWU8HSCN3IM,1417030321,5,1143590400
A15Q9YEG1XPEJN,1417030321,5,1134950400
A1S9S7GAWW0CR6,1417030321,5,1300752000
AAPFN1BADMWMC,1417030321,5,1144972800
A3HBFUE1HRFC4J,1417030321,5,1185062400
A21XVS00AIENLX,1417030321,5,1147737600
A3AT03ZVFI995D,1417030321,5,1135555200
A1C4TL1VC80M97,1417030321,5,1226275200
ANP46RYUYH2BH,1417030321,5,1141862400
A3I8AAK0NPJZ3W,1417030321,5,1153094400
A3U7Z0AD9PMDOJ,1417030321,5,1388275200
A1FPCJ1IJ387XR,1417030321,1,1381104000
A3TVJ6PT6LAQN8,1417030321,5,1136073600
A374CTOURY9GL0,1417030321,5,1148342400
A300NO7ILZAHGW,1417030321,5,1151798400
A1E38191NNM7G4,1417030321,4,1151625600
A14795R674DBS9,1417030321,5,1398643200
A2ZP49W6DRE3WA,1417030321,5,1137715200
A328S9RN3U5M68,1417030321,5,1134777600
A2EJ7HF9MMLK7D,1417030321,4,1336348800
AMRJYLG8EK64R,1417030321,5,1336780800
AYF4LZPK4T67Z,1417030321,5,1138320000
A34O48WH26R1AK,1417030321,5,1144368000
A3HYHBR5K4GN7W,1417030321,5,1218240000
A3LS5FULAPOMAX,1417030321,5,1152230400
A1X28NWPDMTDG7,1417030321,5,1142812800
A2GWFD8Y4ZLYIL,1417030321,5,1139356800
A3LU79BYMWZEW9,1417030321,5,1136851200
A2M5NRCDSSWV65,1417030321,5,1138320000
A2F525JO2SCB79,1417030321,1,1281052800
A2I87OY16UP61R,1417030321,5,1245110400
A2H6B9B18Z7VOS,1417030321,1,1316908800
A31EFBIOS8A0VV,1417030321,2,1145145600
AEV640MKB3I9J,1417030321,5,1136332800
AOZDI02M7JIZG,1417030321,5,1207526400
AMYMJ96STIRW,1417030321,5,1206316800
A314NBF75T4O0H,1417030321,5,1386547200
A15TOT3W6JT0E7,1417030321,4,1135900800
A3AC7NVGB0O84D,1417030321,5,1139961600
ASH3M4K3BQKZ7,1417030321,5,1140307200
A1P7R49FSQK9C,1417030321,4,1173398400
AL5MKCJMSKXOH,1417030321,4,1144022400
A9I40WFF40R4,1417030321,5,1134864000
A2DDTIDRR8BCW2,1417030321,5,1143936000
A16CZRQL23NOIW,1417030321,4,1144368000
A1QOKHONVQG4JS,1417030321,5,1162684800
A21M4SIKMY9N1N,1417030321,5,1201219200
A1GICPQL4V7TXA,1417030321,5,1201824000
A364VIQ3KLAWVX,1417030321,4,1136851200
AC7S4JA7T6UEX,1417030321,5,1143072000
A2K1NHZ1L07DSP,1417030321,4,1362614400
A1R8OFZY6CYX7G,1417030321,3,1143504000
AXRGV1DRT6DSH,1417030321,5,1144281600
A1HIRV3EBN34KK,1417030321,3,1143504000
A38A6IX8SC5IP0,1417030321,5,1139184000
A1Y3EI4QWHZZVN,1417030321,5,1156204800
AC44JMV1VBO9E,1417030321,1,1145232000
A1I2CZBRDHZGFN,1417030321,5,1143763200
A2AZISW7G5D2XL,1417030321,2,1144108800
ANYR2K39F5B3S,1417030321,4,1146009600
A5ZJFVV0564T6,1417030321,5,1137456000
A1YM2NP17LX0J9,1417030321,5,1155772800
A3GG3RPI8FN9J2,1417030321,5,1144713600
A1CQUMG1FSKH87,1417030321,1,1138579200
A244KQRR1N6KAT,1417030321,5,1149465600
A1RVF43G6YKDTK,1417030321,5,1134864000
A34M2BSL7CXEHT,1417030321,5,1137542400
A2Q8XID3R1CZ3Q,1417030321,5,1212278400
A2452XG2ZH5E04,1417030321,5,1144627200
A3LWHTGUFOLH6C,1417030321,5,1141603200
A2FE4WC1Z2OM5T,1417030321,5,1148342400
A30AE7DV7KICHP,1417030321,5,1147478400
A2VLXR5YPACNP6,1417030321,5,1144281600
A2KNIXRSEDDTP2,1417030321,5,1380931200
A3UDYY6L2NH3JS,1417030321,5,1140307200
A2ZZ1OI39TV5BK,1417030321,4,1381536000
A2MWH1J98MX1J2,1417030321,5,1135728000
A14K1D3SOFUIV2,1417030321,5,1149033600
A1IPTW726RJNWG,1417030321,5,1139097600
A1IUI3CJUMB7J0,1417030321,5,1143331200
AY1GOYROXR61R,1417030321,5,1393804800
A2JAKHFYI88ZX0,1417030321,5,1137369600
A1AN9PIFQM9EA7,1417030321,5,1153785600
A38MLFWRE15D4W,1417030321,3,1171584000
A2FWEZ0QS8N7A7,1417030321,5,1134864000
A1O4CAN7QG87BC,1417030321,4,1137542400
A2UONLYIFN6ZS3,1417030321,5,1245542400
A2FSYTZO5FMKFJ,1417030321,5,1148947200
AQ01Q3070LT29,1417030321,4,1174867200
A3JWPS4UDIB8Z8,1417030321,5,1353196800
A25INXWP647H6Q,1417030321,5,1296086400
A2IYAHLVSMTZT2,1417030321,5,1143158400
A7CSV3A585TDC,1417030321,5,1141257600
AIVY7XC1HRIN7,1417030321,5,1139529600
A4AR1QP2OSDCH,1417030321,5,1142121600
A13BLSXL78EMRX,1417030321,5,1144368000
A36SNWGAEFUO2H,1417030321,5,1137456000
A3KDWC5TDFQDZ0,1417030321,5,1147046400
A1D5H57GEDI138,1417030321,5,1148169600
AEVC9QXV6SOQY,1417030321,5,1137801600
A19T9YVZXNSCZQ,1417030321,5,1141516800
A3ADFUS74MLPMA,1417030321,5,1140566400
A17CP110C6E9KF,1417030321,5,1139443200
AL91DLEZSMGN3,1417030321,1,1391558400
A1XESXF1G3C1VU,1417030321,1,1353715200
A5BGJG0S6Y58Z,1417030321,5,1150416000
A1AJNU6CP60YTU,1417030321,5,1143590400
AO11AGE7FDN68,1417030321,5,1203033600
A291OTQ74U9RJ7,1417030321,5,1170633600
A3EMIEZTFX8SOZ,1417030321,5,1148860800
AB3YRWEXT018L,1417030321,5,1392422400
A140XH16IKR4B0,1417030321,3,1141084800
A2RG5KXGO111U,1417030321,5,1145318400
A37FDSYASMZTJC,1417030321,5,1220140800
A16UEBCM6IBGXV,1417030321,5,1141516800
A3RI3ELN94LYBO,1417030321,5,1142985600
A3MWYPZBKL1NJ,1417030321,4,1137628800
A1FXPZ5K1C1NBY,1417030321,4,1201046400
APN7Z074Q3MW,1417030321,5,1394150400
A2WOIQ2L55O3B9,1417030321,2,1145404800
A1RSXP7MB772E3,1417030321,5,1139184000
A1YB15UP0801QY,1417030321,5,1148688000
A1BRHME7A7D0ZK,1417030321,5,1148515200
AZ7ISHAAFI479,1417030321,5,1149379200
A2PTJ5QHPYY3C5,1417030321,5,1149292800
A3C6CZC2JP67VK,1417030321,5,1152748800
A150K4FICDHV5M,1417030321,5,1144800000
A87QBPM8LO6PS,1417030321,2,1134691200
A1BMU70PNZSWVF,1417030321,5,1140134400
A3KYVDE0AD80NS,1417030321,5,1141862400
A2CJJIEM1DOFPI,1417030321,4,1403827200
A1JFRUDJJV89KM,1417030321,5,1143504000
A3MQ672FYFNM7B,1417030321,5,1138320000
AVA3PYN52BI7R,1417030321,5,1137888000
A2CEIVPX763WBQ,1417030321,5,1171152000
A3MN72WDNJEE94,1417030321,5,1361404800
A2CLEVL1HPRULW,1417030321,5,1150588800
A2B31B207ZW07K,1417030321,5,1143072000
AZ7C7ET29LUVR,1417030321,4,1146355200
A3NZJN1ACF8PK5,1417030321,5,1137283200
AOKKY21CAQVGM,1417030321,5,1144281600
A7G9D6NJCMOP0,1417030321,5,1198454400
A1SMFM293R0GGH,1417030321,5,1139184000
